{"client_meta":{"background_color":{"r":0.9607843160629272,"g":0.9607843160629272,"b":0.9607843160629272,"a":1},"thumbnail_size":{"width":400,"height":264},"render_coordinates":{"x":-933,"y":1993,"width":2508,"height":1655}},"file_name":"Untitled","developer_related_links":[],"exported_at":"2026-07-07T08:58:34.264Z"}